"1.368","115"
"1.369","133"
"1.370","27"
"1.371","90"
"1.372","138"
"1.373","128"
"1.374","165"
"1.375","134"
"1.375 (private)","1"
"1.376","180"
"1.377","201"
"1.378","161"
"1.378 (private)","1"
"1.379","287"
"1.379 (private)","1"
"1.380","111"
"1.381","326"
"1.381 (private)","1"
"1.382","118"
"1.383","239"
"1.383.2","2"
"1.384","299"
"1.385","173"
"1.385 (private)","1"
"1.386","845"
"1.387","130"
"1.388","155"
"1.389","355"
"1.390","31"
"1.391","79"
"1.391 (private)","3"
"1.392","378"
"1.392 (private)","4"
"1.393","621"
"1.394","437"
"1.395","2075"
"1.395.1","503"
"1.395.1 (private)","2"
"1.395 (private)","1"
"1.396","233"
"1.397","183"
"1.398","192"
"1.398 (private)","1"
"1.399","377"
"1.400","393"
"1.401","471"
"1.401 (private)","1"
"1.403","770"
"1.404","1556"
"1.405","1660"
"1.405 (private)","2"
"code2cloud-1.384 (private)","6"
