"plot","1077"
"locks-and-latches","1098"
"ci-game","1157"
"copyartifact","1181"
"m2-extra-steps","1189"
"emma","1241"
"emotional-hudson","1257"
"batch-task","1291"
"msbuild","1359"
"instant-messaging","1404"
"m2release","1404"
"svn-tag","1414"
"setenv","1419"
"scp","1466"
"postbuild-task","1476"
"xunit","1506"
"dry","1566"
"deploy","1572"
"parameterized-trigger","1640"
"backup","1651"
"jira","1684"
"build-timeout","1715"
"tasks","1736"
"active-directory","1741"
"htmlpublisher","1842"
"dashboard-view","1995"
"analysis-collector","2008"
"chucknorris","2095"
"violations","2106"
"sonar","2312"
"disk-usage","2375"
"warnings","2433"
"pmd","2529"
"findbugs","2829"
"checkstyle","2855"
"cobertura","2906"
"git","2968"
"scis-ad","3402"
"greenballs","3624"
"email-ext","3841"
"analysis-core","5487"
"cvs","13139"
"maven-plugin","13693"
"subversion","13983"
"ssh-slaves","14025"
